<?xml version="1.0" encoding="UTF-8" ?>
<!DOCTYPE mapper
  PUBLIC "-//mybatis.org//DTD Mapper 3.0//EN"
  "http://mybatis.org/dtd/mybatis-3-mapper.dtd">

<!-- namespace 是当前接口的命名空间 -->
<mapper namespace="Dao.DmOrderitemMapper">
  
  <resultMap type="bean.DmOrderitem" id="rmdo">
    <!-- 一对一关联查询
        select用于指定完成关联查询的sql的id ==>命名空间=sql.id
     -->
    <association property="dmProduct" column="pid"
      select="Dao.DmProductMapper.selectById"
    ></association>
  
  </resultMap>
<!-- 
 	id 是该select标签的唯一标识
  	resultType 表示返回的结果映射到的实体类的类型
 	 -->
   
  <!-- 参数传入格式:  #{实体对象的属性名} -->
  <select id="selectById" resultMap="rmdo">
   select * from dm_orderitem where oid=#{id}
  </select>

<select id="selectById1" resultType="bean.DmOrderitem">
   select * from dm_orderitem where oid=#{id}
  </select>
	 
</mapper>