<?xml version="1.0" encoding="UTF-8" ?>
<!DOCTYPE mapper
  PUBLIC "-//mybatis.org//DTD Mapper 3.0//EN"
  "http://mybatis.org/dtd/mybatis-3-mapper.dtd">

<!-- namespace 是当前接口的命名空间 -->
<mapper namespace="Dao.DmProductMapper">
	<!-- 自定义的字段映射 -->
	<resultMap type="bean.DmProduct" id="rmdp">
		<!-- id永远定义主键映射关系，主键在mybatis有特殊作用==》缓存 -->
		<id column="id" property="id" />
		<!-- result永远定义非主键映射关系 -->
		<result column="market_price" property="marketPrice" />
		<result column="shop_price" property="shopPrice" />
		<result column="is_hot" property="isHot" />

	</resultMap>
	<!-- id 是该select标签的唯一标识 resultType 表示返回的结果映射到的实体类的类型 -->
	<select id="selectAll" resultMap="rmdp">
		select * from dm_product
	</select>
	<!-- 参数传入格式: #{实体对象的属性名} -->
	<select id="selectById" resultMap="rmdp">
		select * from dm_product where id=#{id}
	</select>
	<select id="selectByObj" resultMap="rmdp">
		select * from dm_product
		<where>
			<if test="pname!=null">
				and pname like concat('%',#{pname},'%')
			</if>
			<if test="pdesc!=null">
				and pdesc like concat('%',#{pdesc},'%')
			</if>
			<choose>
				<when test="isHot==null">
					and is_hot is null
				</when>
				<when test="isHot==-1">
					and is_hot is not null
				</when>
				<otherwise>
					and is_hot=#{isHot}

				</otherwise>
			</choose>
		</where>
	</select>

	<select id="selectByCids" resultMap="rmdp">
		select * from dm_product where
		<foreach item="cid" collection="cids" open="cid in ("
			close=")" separator=",">
			#{cid}
		</foreach>

	</select>

	<update id="update">
		update dm_product
		<set>
			<if test="pname!=null">
				pname=#{pname}
			</if>
			<if test="marketPrice!=null">
				market_price=#{marketPrice},
			</if>
			<if test="shopPrice!=null">
				shop_price=#{shopPrice},
			</if>
			<if test="image!=null">
				image=#{image},
			</if>
			<if test="pdesc!=null">
				pdesc=#{pdesc},
			</if>
			<if test="isHot!=null">
				is_hot=#{isHot},
			</if>
			<if test="createtime!=null">
				createtime=#{createtime},
			</if>
			<if test="cid!=null">
				cid=#{cid},
			</if>

		</set>
		where id=#{id}
	</update>
	<insert id="insert">
		insert into dm_product(pname,market_price,shop_price,cid) values(  
		#{pname} ,
		#{marketPrice},
		#{shopPrice},
		 #{cid})
	</insert>
	
	<delete id="delete">
		delete from dm_product where id = #{id}
	</delete>
</mapper>